Title,Link,Date,Source,Summary,Term,LanguageQueried
"Weather forecast for July 31, 2026: Check IMD rain alerts for Delhi, Gujarat, Kerala and more - The Economic Times",https://news.google.com/rss/articles/CBMi9wFBVV95cUxNRnYxNTF2ald3NEVZVnJwME85Y1JOMV9FcWNBMXVMUnBPSGEyREZyTGo2enpCS1d5bGRaRU9kSEVvQmJsUXR2eDdmTnduRTVjcGN1c1U1aUNzSWdITHpZZjRkTVY1ZkU3X0tzUTZmeUxsTnZRc19saUZvUXB6T29LU2xObXNKeVlodGRpRjUxeV9SQTVSQUJ4N291TUJLTDV5QXE4T0tPdXVwRml3ZmYxcDNDbHZudTRlSFMtOEpDdWUzNFF1SGtNVDR3WWgyaHE1cEFaTWs1X1BLRnlsMm5mVHdscHJJSTFuS2ZOTmJ5dHRobGNQSUpr0gH3AUFVX3lxTE1GdjE1MXZqV3c0RVlWcnAwTzljUk4xX0VxY0ExdUxScE9IYTJERnJMajZ6ekJLV3lsZFpFT2RIRW9CYmxRdHZ4N2ZOd25FNWNwY3VzVTVpQ3NJZ0hMellmNGRNVjVmRTdfS3NRNmZ5TGxOdlFzX2xpRm9RcHpPb0tTbE5tc0p5WWh0ZGlGNTF5X1JBNVJBQng3b3VNQktMNXlBcThPS091dXBGaXdmZjFwM0Nsdm51NGVIUy04SkN1ZTM0UXVIa01UNHdZaDJocTVwQVpNazVfUEtGeWwybmZUd2xwcklJMW5LZk5OYnl0dGhsY1BJSms?oc=5,2026-07-31 07:42:00,The Economic Times,"<a href=""https://news.google.com/rss/articles/CBMi9wFBVV95cUxNRnYxNTF2ald3NEVZVnJwME85Y1JOMV9FcWNBMXVMUnBPSGEyREZyTGo2enpCS1d5bGRaRU9kSEVvQmJsUXR2eDdmTnduRTVjcGN1c1U1aUNzSWdITHpZZjRkTVY1ZkU3X0tzUTZmeUxsTnZRc19saUZvUXB6T29LU2xObXNKeVlodGRpRjUxeV9SQTVSQUJ4N291TUJLTDV5QXE4T0tPdXVwRml3ZmYxcDNDbHZudTRlSFMtOEpDdWUzNFF1SGtNVDR3WWgyaHE1cEFaTWs1X1BLRnlsMm5mVHdscHJJSTFuS2ZOTmJ5dHRobGNQSUpr0gH3AUFVX3lxTE1GdjE1MXZqV3c0RVlWcnAwTzljUk4xX0VxY0ExdUxScE9IYTJERnJMajZ6ekJLV3lsZFpFT2RIRW9CYmxRdHZ4N2ZOd25FNWNwY3VzVTVpQ3NJZ0hMellmNGRNVjVmRTdfS3NRNmZ5TGxOdlFzX2xpRm9RcHpPb0tTbE5tc0p5WWh0ZGlGNTF5X1JBNVJBQng3b3VNQktMNXlBcThPS091dXBGaXdmZjFwM0Nsdm51NGVIUy04SkN1ZTM0UXVIa01UNHdZaDJocTVwQVpNazVfUEtGeWwybmZUd2xwcklJMW5LZk5OYnl0dGhsY1BJSms?oc=5"" target=""_blank"">Weather forecast for July 31, 2026: Check IMD rain alerts for Delhi, Gujarat, Kerala and more</a>&nbsp;&nbsp;<font color=""#6f6f6f"">The Economic Times</font>",Monsoon,en
"Rain, thunderstorms likely in Delhi today: IMD - NewsBytes",https://news.google.com/rss/articles/CBMimAFBVV95cUxOVktTQ3FpSDRwcENQb3E4d0VzWExNdFhQMERraGs1RllkSkR1RnpudnFnUkY4TVUtQXlMVW1rSHJhZlBQaVZGQi1NRERSd3pZTF8tTFhVUnJBZGlGcHpqVXZ3YWV2LVo1UG0tb1NqdFFZZVNBOWlFa1dkSklLTVN1NWpYYmZzSjZreUJmNjNMMzlrRmNCSmh0cA?oc=5,2026-07-31 10:56:38,NewsBytes,"<a href=""https://news.google.com/rss/articles/CBMimAFBVV95cUxOVktTQ3FpSDRwcENQb3E4d0VzWExNdFhQMERraGs1RllkSkR1RnpudnFnUkY4TVUtQXlMVW1rSHJhZlBQaVZGQi1NRERSd3pZTF8tTFhVUnJBZGlGcHpqVXZ3YWV2LVo1UG0tb1NqdFFZZVNBOWlFa1dkSklLTVN1NWpYYmZzSjZreUJmNjNMMzlrRmNCSmh0cA?oc=5"" target=""_blank"">Rain, thunderstorms likely in Delhi today: IMD</a>&nbsp;&nbsp;<font color=""#6f6f6f"">NewsBytes</font>",Monsoon,en
"Weather forecast for July 31, 2026: Check IMD rain alerts for Delhi, Gujarat, Kerala and more - The Economic Times",https://news.google.com/rss/articles/CBMi8gFBVV95cUxNaDB4OVNSN3B6emYyeklZOXhDY3BYZ09RWEpqYVNuZFlCWmRjcDlEeHR5c1dHZlJCbkUwRDZsdmt4RG5BZVplMGVTdWJLM1ZXc0FIaTFRRkh0UEFrRmJrOWhQWV80MjNRZ0xzZkNIRFRFUkhSdTgtN3ZQTkphck1Rb0p4Y2luY1FuTXlQOVdIWm82aDZ6WWNQeHozbE9iQ2lfUU1yamJTTFVDaWVKZFdrek1ldVJOdXloeFpPTXNMWDFXZFI5ODR4cUpOdnBWSFlMV3NvZFRKcXpydVhTT1hNUkNpWXZwVVRybXQzVUNDckg0Z9IB9wFBVV95cUxNRnYxNTF2ald3NEVZVnJwME85Y1JOMV9FcWNBMXVMUnBPSGEyREZyTGo2enpCS1d5bGRaRU9kSEVvQmJsUXR2eDdmTnduRTVjcGN1c1U1aUNzSWdITHpZZjRkTVY1ZkU3X0tzUTZmeUxsTnZRc19saUZvUXB6T29LU2xObXNKeVlodGRpRjUxeV9SQTVSQUJ4N291TUJLTDV5QXE4T0tPdXVwRml3ZmYxcDNDbHZudTRlSFMtOEpDdWUzNFF1SGtNVDR3WWgyaHE1cEFaTWs1X1BLRnlsMm5mVHdscHJJSTFuS2ZOTmJ5dHRobGNQSUpr?oc=5,2026-07-31 07:42:16,The Economic Times,"<a href=""https://news.google.com/rss/articles/CBMi8gFBVV95cUxNaDB4OVNSN3B6emYyeklZOXhDY3BYZ09RWEpqYVNuZFlCWmRjcDlEeHR5c1dHZlJCbkUwRDZsdmt4RG5BZVplMGVTdWJLM1ZXc0FIaTFRRkh0UEFrRmJrOWhQWV80MjNRZ0xzZkNIRFRFUkhSdTgtN3ZQTkphck1Rb0p4Y2luY1FuTXlQOVdIWm82aDZ6WWNQeHozbE9iQ2lfUU1yamJTTFVDaWVKZFdrek1ldVJOdXloeFpPTXNMWDFXZFI5ODR4cUpOdnBWSFlMV3NvZFRKcXpydVhTT1hNUkNpWXZwVVRybXQzVUNDckg0Z9IB9wFBVV95cUxNRnYxNTF2ald3NEVZVnJwME85Y1JOMV9FcWNBMXVMUnBPSGEyREZyTGo2enpCS1d5bGRaRU9kSEVvQmJsUXR2eDdmTnduRTVjcGN1c1U1aUNzSWdITHpZZjRkTVY1ZkU3X0tzUTZmeUxsTnZRc19saUZvUXB6T29LU2xObXNKeVlodGRpRjUxeV9SQTVSQUJ4N291TUJLTDV5QXE4T0tPdXVwRml3ZmYxcDNDbHZudTRlSFMtOEpDdWUzNFF1SGtNVDR3WWgyaHE1cEFaTWs1X1BLRnlsMm5mVHdscHJJSTFuS2ZOTmJ5dHRobGNQSUpr?oc=5"" target=""_blank"">Weather forecast for July 31, 2026: Check IMD rain alerts for Delhi, Gujarat, Kerala and more</a>&nbsp;&nbsp;<font color=""#6f6f6f"">The Economic Times</font>",Monsoon,en
Assam Floods: Bodies of Missing Found as Villages Struggle With Devastation - sentinelassam.com,https://news.google.com/rss/articles/CBMixgFBVV95cUxPaGVaZ21NNXZxXzcybmxaSEU2aHNzb253M1Vsc0l6dFpHSWFGUWJxLTBYay1STXBYS0VlSmt6M1p5R1VqcUQxRnIyZUtFTGpCWC1rSmxlbGNsY2lmM2FlaTdCUUY0cTRBRTVVOTM3UmJEWEliZXhtUmJPZC1ORk83c1l5bnoxbV80c0IwdVpWS3dONnVJSURRbTd6Tzc5QUJuNGF4V2JlTE9RYldTZzEtaXBkSUNVNmw3WjFnaXBmclJPa19GT0HSAcYBQVVfeXFMT2hlWmdtTTV2cV83Mm5sWkhFNmhzc29udzNVbHNJenRaR0lhRlFicS0wWGstUk1wWEtFZUprejNaeUdVanFEMUZyMmVLRUxqQlgta0psZWxjbGNpZjNhZWk3QlFGNHE0QUU1VTkzN1JiRFhJYmV4bVJiT2QtTkZPN3NZeW56MW1fNHNCMHVaVkt3TjZ1SUlEUW03ek83OUFCbjRheFdiZUxPUWJXU2cxLWlwZElDVTZsN1oxZ2lwZnJST2tfRk9B?oc=5,2026-07-31 09:47:53,sentinelassam.com,"<a href=""https://news.google.com/rss/articles/CBMixgFBVV95cUxPaGVaZ21NNXZxXzcybmxaSEU2aHNzb253M1Vsc0l6dFpHSWFGUWJxLTBYay1STXBYS0VlSmt6M1p5R1VqcUQxRnIyZUtFTGpCWC1rSmxlbGNsY2lmM2FlaTdCUUY0cTRBRTVVOTM3UmJEWEliZXhtUmJPZC1ORk83c1l5bnoxbV80c0IwdVpWS3dONnVJSURRbTd6Tzc5QUJuNGF4V2JlTE9RYldTZzEtaXBkSUNVNmw3WjFnaXBmclJPa19GT0HSAcYBQVVfeXFMT2hlWmdtTTV2cV83Mm5sWkhFNmhzc29udzNVbHNJenRaR0lhRlFicS0wWGstUk1wWEtFZUprejNaeUdVanFEMUZyMmVLRUxqQlgta0psZWxjbGNpZjNhZWk3QlFGNHE0QUU1VTkzN1JiRFhJYmV4bVJiT2QtTkZPN3NZeW56MW1fNHNCMHVaVkt3TjZ1SUlEUW03ek83OUFCbjRheFdiZUxPUWJXU2cxLWlwZElDVTZsN1oxZ2lwZnJST2tfRk9B?oc=5"" target=""_blank"">Assam Floods: Bodies of Missing Found as Villages Struggle With Devastation</a>&nbsp;&nbsp;<font color=""#6f6f6f"">sentinelassam.com</font>",Monsoon,en
Central Team Wraps Up Assessment of Unprecedented Flood Damage in Assam - sentinelassam.com,https://news.google.com/rss/articles/CBMiwgFBVV95cUxNLWw5TFhjblVfRnk1LVVkY2NiYTV5eFVSeldqTnNRMU4xVk9NelBhQlFJeWdwNGNDYks3NlJtXzZ0cWthS18yNFJXQ2JKRlBhVGVaN1U0LXg2aFlNNDNQZ1BsVnN4UFRrN1Z5dTlMZUVXNE5NOVUyTzhtZUJ1dThidk1ZTnRZOVAyYWJJTnpodkhmdTU5RTltdFVXLXYyVlAta0dGQl9SZV9sb0FvZ2lhbTJLMnUwQWZsNkc4V3dpOE0yZ9IBwgFBVV95cUxNLWw5TFhjblVfRnk1LVVkY2NiYTV5eFVSeldqTnNRMU4xVk9NelBhQlFJeWdwNGNDYks3NlJtXzZ0cWthS18yNFJXQ2JKRlBhVGVaN1U0LXg2aFlNNDNQZ1BsVnN4UFRrN1Z5dTlMZUVXNE5NOVUyTzhtZUJ1dThidk1ZTnRZOVAyYWJJTnpodkhmdTU5RTltdFVXLXYyVlAta0dGQl9SZV9sb0FvZ2lhbTJLMnUwQWZsNkc4V3dpOE0yZw?oc=5,2026-07-31 10:07:56,sentinelassam.com,"<a href=""https://news.google.com/rss/articles/CBMiwgFBVV95cUxNLWw5TFhjblVfRnk1LVVkY2NiYTV5eFVSeldqTnNRMU4xVk9NelBhQlFJeWdwNGNDYks3NlJtXzZ0cWthS18yNFJXQ2JKRlBhVGVaN1U0LXg2aFlNNDNQZ1BsVnN4UFRrN1Z5dTlMZUVXNE5NOVUyTzhtZUJ1dThidk1ZTnRZOVAyYWJJTnpodkhmdTU5RTltdFVXLXYyVlAta0dGQl9SZV9sb0FvZ2lhbTJLMnUwQWZsNkc4V3dpOE0yZ9IBwgFBVV95cUxNLWw5TFhjblVfRnk1LVVkY2NiYTV5eFVSeldqTnNRMU4xVk9NelBhQlFJeWdwNGNDYks3NlJtXzZ0cWthS18yNFJXQ2JKRlBhVGVaN1U0LXg2aFlNNDNQZ1BsVnN4UFRrN1Z5dTlMZUVXNE5NOVUyTzhtZUJ1dThidk1ZTnRZOVAyYWJJTnpodkhmdTU5RTltdFVXLXYyVlAta0dGQl9SZV9sb0FvZ2lhbTJLMnUwQWZsNkc4V3dpOE0yZw?oc=5"" target=""_blank"">Central Team Wraps Up Assessment of Unprecedented Flood Damage in Assam</a>&nbsp;&nbsp;<font color=""#6f6f6f"">sentinelassam.com</font>",Monsoon,en
Assam Government Sends 1.41 Lakh Free Textbooks to Flood-Hit Students in Three Districts - sentinelassam.com,https://news.google.com/rss/articles/CBMi1wFBVV95cUxPbjc2bTI0d1dCY0J4ZkdWMER6dHUtSVRvOHlhV09TdlJxSG02ZVlFUW04UkR0cUFCdGNXV1ZubmlNREdWM3lmdVYyMWN1UnRhazNnSUdPcDFOT2x5NkhGOU1KRDhJbzFZUTA3b2NLeTFIdDZIOE5tc2dPbnlnSC1lZlhOVENYMEFZV0JkNm5ybE9sNlZ0eWhXa2pTYWlKOXhoMGxhMlA2ek1uNTQ2ckxVbUNxRy0zVGdaWldaV3pETFZxX1c5cnAxX2EtSmdNaWgxWUZiYWpRY9IB1wFBVV95cUxPbjc2bTI0d1dCY0J4ZkdWMER6dHUtSVRvOHlhV09TdlJxSG02ZVlFUW04UkR0cUFCdGNXV1ZubmlNREdWM3lmdVYyMWN1UnRhazNnSUdPcDFOT2x5NkhGOU1KRDhJbzFZUTA3b2NLeTFIdDZIOE5tc2dPbnlnSC1lZlhOVENYMEFZV0JkNm5ybE9sNlZ0eWhXa2pTYWlKOXhoMGxhMlA2ek1uNTQ2ckxVbUNxRy0zVGdaWldaV3pETFZxX1c5cnAxX2EtSmdNaWgxWUZiYWpRYw?oc=5,2026-07-31 00:02:14,sentinelassam.com,"<a href=""https://news.google.com/rss/articles/CBMi1wFBVV95cUxPbjc2bTI0d1dCY0J4ZkdWMER6dHUtSVRvOHlhV09TdlJxSG02ZVlFUW04UkR0cUFCdGNXV1ZubmlNREdWM3lmdVYyMWN1UnRhazNnSUdPcDFOT2x5NkhGOU1KRDhJbzFZUTA3b2NLeTFIdDZIOE5tc2dPbnlnSC1lZlhOVENYMEFZV0JkNm5ybE9sNlZ0eWhXa2pTYWlKOXhoMGxhMlA2ek1uNTQ2ckxVbUNxRy0zVGdaWldaV3pETFZxX1c5cnAxX2EtSmdNaWgxWUZiYWpRY9IB1wFBVV95cUxPbjc2bTI0d1dCY0J4ZkdWMER6dHUtSVRvOHlhV09TdlJxSG02ZVlFUW04UkR0cUFCdGNXV1ZubmlNREdWM3lmdVYyMWN1UnRhazNnSUdPcDFOT2x5NkhGOU1KRDhJbzFZUTA3b2NLeTFIdDZIOE5tc2dPbnlnSC1lZlhOVENYMEFZV0JkNm5ybE9sNlZ0eWhXa2pTYWlKOXhoMGxhMlA2ek1uNTQ2ckxVbUNxRy0zVGdaWldaV3pETFZxX1c5cnAxX2EtSmdNaWgxWUZiYWpRYw?oc=5"" target=""_blank"">Assam Government Sends 1.41 Lakh Free Textbooks to Flood-Hit Students in Three Districts</a>&nbsp;&nbsp;<font color=""#6f6f6f"">sentinelassam.com</font>",Monsoon,en
"Assam Announces Rs 1.5 Lakh Aid for Flood-Hit Namghars, Loan Relief for Borrowers - sentinelassam.com",https://news.google.com/rss/articles/CBMizAFBVV95cUxOOUxMcU9TRk82MWN0T181SjdSVEtLUUx4YzhZdDJtNUs0ZVJ1dHY3bFBRdGdORWNhSkUwbG9tZmtBakFfNDdib1llZ2lsdVF1MTVDYkxGMGZEanFYaHZ2OFNYcjJ0Ymg4c3E0UnUwdWpjOUNiRDFTbFlWMGVVdG53R0ZUa1gwUGlaUlNQVF8xaE9USno2bzFKaDdfZU1McmVsOEFjQlhlUjM1TjJGX3RGQUx4OFJtZ3E3RFlmQzdvdTR6QkliNG1hQ0Zjc3XSAcwBQVVfeXFMTjlMTHFPU0ZPNjFjdE9fNUo3UlRLS1FMeGM4WXQybTVLNGVSdXR2N2xQUXRnTkVjYUpFMGxvbWZrQWpBXzQ3Ym9ZZWdpbHVRdTE1Q2JMRjBmRGpxWGh2djhTWHIydGJoOHNxNFJ1MHVqYzlDYkQxU2xZVjBlVXRud0dGVGtYMFBpWlJTUFRfMWhPVEp6Nm8xSmg3X2VNTHJlbDhBY0JYZVIzNU4yRl90RkFMeDhSbWdxN0RZZkM3b3U0ekJJYjRtYUNGY3N1?oc=5,2026-07-31 10:54:06,sentinelassam.com,"<a href=""https://news.google.com/rss/articles/CBMizAFBVV95cUxOOUxMcU9TRk82MWN0T181SjdSVEtLUUx4YzhZdDJtNUs0ZVJ1dHY3bFBRdGdORWNhSkUwbG9tZmtBakFfNDdib1llZ2lsdVF1MTVDYkxGMGZEanFYaHZ2OFNYcjJ0Ymg4c3E0UnUwdWpjOUNiRDFTbFlWMGVVdG53R0ZUa1gwUGlaUlNQVF8xaE9USno2bzFKaDdfZU1McmVsOEFjQlhlUjM1TjJGX3RGQUx4OFJtZ3E3RFlmQzdvdTR6QkliNG1hQ0Zjc3XSAcwBQVVfeXFMTjlMTHFPU0ZPNjFjdE9fNUo3UlRLS1FMeGM4WXQybTVLNGVSdXR2N2xQUXRnTkVjYUpFMGxvbWZrQWpBXzQ3Ym9ZZWdpbHVRdTE1Q2JMRjBmRGpxWGh2djhTWHIydGJoOHNxNFJ1MHVqYzlDYkQxU2xZVjBlVXRud0dGVGtYMFBpWlJTUFRfMWhPVEp6Nm8xSmg3X2VNTHJlbDhBY0JYZVIzNU4yRl90RkFMeDhSbWdxN0RZZkM3b3U0ekJJYjRtYUNGY3N1?oc=5"" target=""_blank"">Assam Announces Rs 1.5 Lakh Aid for Flood-Hit Namghars, Loan Relief for Borrowers</a>&nbsp;&nbsp;<font color=""#6f6f6f"">sentinelassam.com</font>",Monsoon,en
"उत्तराखंड में भारी बारिश का हाई अलर्ट, 8 जिलों में फ्लैश फ्लड का खतरा - Panchjanya",https://news.google.com/rss/articles/CBMi1AFBVV95cUxQQ0F3cl9CelhqaXgxUjBIWVFFb053ZEFYUzBaY1RjOUV1c0UzZmlsTjVhMi1oNExVbVBjVThJM3pBaVh3RHZVRGhBN2dzRmNMakNXMXAyWGZ1ODZBZV94WEQxaGl5ZUN1eDRBalJMODJkdW9SVlU3VFpCVVdidC0wX1RHMnVLNUxiUEZKdWZqY3hYQ2ZpQjJoSmpvTmJJM2lDc0pueW5wWHJVd2R6TDNxTDNvdVAwQU5sWVNURDU2S1ljWHZ5VW5YZ1IwWFVaYkl3TDd1b9IB2gFBVV95cUxQMHZiYWZXaVlIaE9nV2wzako5aW5TNmRISjYycGZwalFMTlJxVkJWMGdNS3lNSWR3MHNyZ09HUUJSQ3ZCV0ZPcXl1WGR3VlF6ampFZk9rbEI0bnpVdU1lT1p0Y3ZqRlg1SW5qeFBudTNGSHdkV3NHU08zNG5pTURCUmg5cjZlYlVIbzdSSGtDTnlUeGpEUWcxeGlDLXI0bEcxZFFRNUdmbE5RUmVwclRBc0wzNkF0SUZIc0VVNXFKdzZSeTBGNnExUVNoX3lrTzNUaFA0ZEtvVU1FZw?oc=5,2026-07-31 11:48:00,Panchjanya,"<a href=""https://news.google.com/rss/articles/CBMi1AFBVV95cUxQQ0F3cl9CelhqaXgxUjBIWVFFb053ZEFYUzBaY1RjOUV1c0UzZmlsTjVhMi1oNExVbVBjVThJM3pBaVh3RHZVRGhBN2dzRmNMakNXMXAyWGZ1ODZBZV94WEQxaGl5ZUN1eDRBalJMODJkdW9SVlU3VFpCVVdidC0wX1RHMnVLNUxiUEZKdWZqY3hYQ2ZpQjJoSmpvTmJJM2lDc0pueW5wWHJVd2R6TDNxTDNvdVAwQU5sWVNURDU2S1ljWHZ5VW5YZ1IwWFVaYkl3TDd1b9IB2gFBVV95cUxQMHZiYWZXaVlIaE9nV2wzako5aW5TNmRISjYycGZwalFMTlJxVkJWMGdNS3lNSWR3MHNyZ09HUUJSQ3ZCV0ZPcXl1WGR3VlF6ampFZk9rbEI0bnpVdU1lT1p0Y3ZqRlg1SW5qeFBudTNGSHdkV3NHU08zNG5pTURCUmg5cjZlYlVIbzdSSGtDTnlUeGpEUWcxeGlDLXI0bEcxZFFRNUdmbE5RUmVwclRBc0wzNkF0SUZIc0VVNXFKdzZSeTBGNnExUVNoX3lrTzNUaFA0ZEtvVU1FZw?oc=5"" target=""_blank"">उत्तराखंड में भारी बारिश का हाई अलर्ट, 8 जिलों में फ्लैश फ्लड का खतरा</a>&nbsp;&nbsp;<font color=""#6f6f6f"">Panchjanya</font>",Monsoon,hi
"उत्तराखंड में भारी बारिश और फ्लैश फ्लड का खतरा, 31 जुलाई के लिए प्रशासन हाई अलर्ट पर - Haldwani Express News",https://news.google.com/rss/articles/CBMiwwFBVV95cUxQLVcydlR2WWZWTG52ZmJGLVliV0hSQXFtNmI5SHEtbVBaM3JaX2JVV0w5UXFXRVFBTE1JZzRHRERNOTdHNm5fZmoxaEJaMEs4c1lLUWg1bUlDWTA4QWlQeGNpV2ZSV1czWWlaRmRJWVlOck04RF9yZFRIOEFGbXhnblN0eENxSXVLcUprMnV4MEh0NW1iWVJEVWliczM5SS1rdTB5YkQwcE5GUlUyZWhWZnNKVGF4aVF3MV94MkgyQnE0dDg?oc=5,2026-07-31 00:29:08,Haldwani Express News,"<a href=""https://news.google.com/rss/articles/CBMiwwFBVV95cUxQLVcydlR2WWZWTG52ZmJGLVliV0hSQXFtNmI5SHEtbVBaM3JaX2JVV0w5UXFXRVFBTE1JZzRHRERNOTdHNm5fZmoxaEJaMEs4c1lLUWg1bUlDWTA4QWlQeGNpV2ZSV1czWWlaRmRJWVlOck04RF9yZFRIOEFGbXhnblN0eENxSXVLcUprMnV4MEh0NW1iWVJEVWliczM5SS1rdTB5YkQwcE5GUlUyZWhWZnNKVGF4aVF3MV94MkgyQnE0dDg?oc=5"" target=""_blank"">उत्तराखंड में भारी बारिश और फ्लैश फ्लड का खतरा, 31 जुलाई के लिए प्रशासन हाई अलर्ट पर</a>&nbsp;&nbsp;<font color=""#6f6f6f"">Haldwani Express News</font>",Monsoon,hi
